Company,Website,"HQ (country, city)",Leads I've talked to,Head of Payments,Last contact,Status / notes,Sources
American Airlines,https://www.aa.com,"United States (Fort Worth, TX)","Santiago Miranda (Treasury, Global Banking; replied 2026-02-11); Annie Mehringer; David Seymour; Matthew Vorkapich; Marco Montes; Darcie Scheinrock; Andreas Trunk; Terre Kautzor; Adison Elliott; Eleonora Koury",,2026-02-11,Legacy network carrier. BC sent 2026-02-10; Santiago replied and Magdalena took over (placeholder meeting Mar 2026). NORTHAM list: Lost / Re-engage,"Gmail, NORAM sheet"
Delta Air Lines,https://www.delta.com,"United States (Atlanta, GA)","Najeem (Najeemdeen) Dayisi and Liousiena Barylo (call 2025-10-31); Ronald Parker, Jacob Montgomery, Paulette Henderson, Tammy Davis, Monisha Mason (Magdalena MRC campaign Mar 2026, you in CC)",,2026-07-21,"Legacy network carrier. Single acquirer (Elavon / U.S. Bank) plus Accertify fraud, no orchestration (NORTHAM sheet). Call 2025-10-31; re-engagement email 2026-07-21 unanswered","Gmail, Calendar, NORAM sheet"
United Airlines,https://www.united.com,"United States (Chicago, IL)","Chris (James C.) Thompson (Director, Digital Payments; linkedin.com/in/christhompson71); Maria L. Espano; Shweta Saxena; Matthew Deeth","Chris Thompson, Director Digital Payments",2026-06-16,"Legacy network carrier. Orchestration RFP in progress 2026, Yuno not invited (Rejected / Lost). Last touch 2026-06-16","Gmail, NORAM sheet"
Southwest Airlines,https://www.southwest.com,"United States (Dallas, TX)",Mark Hopkins; Chris Priebe; Julie Jones; Shyam Chinta; Mark Hursh (forwarded to payments team Jan 2026),Mark Hopkins (per your Warroom sheet; not web verified),2026-06-05,Largest US LCC. Uses CellPoint Digital for orchestration. Responded with interest early 2026 but no meeting; virtual coffee ask 2026-06-05 unanswered. Email domain is wnco.com,"Gmail, NORAM Warroom"
Alaska Airlines,https://www.alaskaair.com,"United States (Seattle, WA)",Angela Nunes Trivedi (Strategic Payments lead; linkedin.com/in/angelatrivedi),Angela Nunes Trivedi (payments lead for Alaska and Hawaiian; exact title not published),2026-08-05,"Alaska Air Group (owns Hawaiian since 2024). Call 2025-12-02. Angela 2026-07-24: payments initiatives delayed to 2027, reconnect end of 2026. You are POC again since 2026-07-22","Gmail, Calendar, Recovery sheet"
Hawaiian Airlines,https://www.hawaiianairlines.com,"United States (Honolulu, HI)","Angela Nunes Trivedi (Alaska Air Group, covers Hawaiian; same thread as Alaska)",Angela Nunes Trivedi (Alaska Air Group),2026-08-05,Subsidiary of Alaska Air Group; still sells under its own brand. Payments handled with Alaska (thread title: Alaska & Hawaiian Airlines). Same timing: 2027,"Gmail, Calendar"
JetBlue,https://www.jetblue.com,"United States (Long Island City, NY)","Brian Duran (Manager, Payments; linkedin.com/in/brian-duran-9b648a360); Henry Howard; Louis Signorelli; Matthew Jakinovich; Aleksandar Ivanov; Alex Graham; Megha Deshmukh Ingole (all on the 2026-01-28 call)","Not identified (Brian Duran is Manager, Payments)",2026-01-28,Hybrid LCC. Intro call and demo 2026-01-28. SQL (BDM Samuel). TCL note: contact again in a few months,"Gmail, Calendar, NORAM sheet"
Spirit Airlines,https://www.spirit.com,"United States (Dania Beach, FL)",,,,"ULCC. NORAM sheet: contacted, Rejected. NORTHAM sheet: ceased operations / liquidating in 2026 after second Chapter 11. No email in the last 12 months","NORAM sheet, NORTHAM sheet"
Frontier Airlines,https://www.flyfrontier.com,"United States (Denver, CO)",Ted Wang; Ben (Benjamin) Parke,,2026-03-13,ULCC. Cadence Jan to Mar 2026 (BC sent 2026-02-11). Unresponsive,"Gmail, Recovery sheet"
Allegiant Air,https://www.allegiantair.com,"United States (Las Vegas, NV)","Salhar Memon (Manager, Payments and Risk; linkedin.com/in/salhar-memon-12a8399b); Madilyn Jones (Payments); Jesse Johnson (Treasury); Jason Kolodny; Kathleen Steacy; Shannon Zamudio Perry; Stephen Howard (demo 2025-09-11). Earlier cadence Aug 2025: Kim Downing, Danny Burguillos (E-Commerce), Kristen Schilling-Gonzales, Greg Anderson (CEO), Jennifer Resonable, Joe Kurishingal, Robert Neal","Salhar Memon, Manager Payments and Risk",2025-11-17,"ULCC. Demo 2025-09-11 (Justo, Bernabe, Samuel, Drew); follow-up by Drew 2025-09-16; Madilyn asked about lifecycle updates 2025-11-17 and you handed to Adam Mawdesley and Samuel. Samuel's sheet: speaking with Salhar, to close Q2 to Q3 2026. Combining with Sun Country (announced 2026)","Gmail, Calendar, NORAM sheet"
Sun Country Airlines,https://www.suncountry.com,"United States (Minneapolis, MN)",Jude Bricker (CEO); Peter Mahin; Madisson Ausprung; Tom Bitz (Director Treasury Operations); Colton Snow; Torque Zubeck; Khadija Bawazir; He (Roy) Fan,"Tom Bitz, Director of Treasury Operations (closest owner found)",2026-02-16,"Leisure LCC plus Amazon cargo. Cadence Feb 2026, no reply. Combining with Allegiant (2026)","Gmail, NORAM sheet"
Breeze Airways,https://www.flybreeze.com,"United States (Cottonwood Heights, UT)","Cam Jensen (Director, Product Management)",,2026-03-02,"LCC, first international routes 2026. Cadence Feb to Mar 2026, no reply",Gmail
Avelo Airlines,https://www.aveloair.com,"United States (Houston, TX)",R.J. Sampson (Director of Ecommerce),,2026-02-26,"ULCC. PayPal case-study merchant (CFO Hunter Keay, CDO Sumit Goyal quoted). Cadence Feb 2026, no reply",Gmail
JSX,https://www.jsx.com,"United States (Dallas, TX)",,,,"Semi-private public charter, by-the-seat. Not contacted",Not contacted
Aero,https://www.aero.com,"United States (Los Angeles, CA)",,,,"Semi-private jet airline, by-the-seat. Not contacted",Not contacted
Contour Airlines,https://www.contourairlines.com,"United States (Smyrna, TN)",,,,"Regional, direct sales plus American codeshare. Not contacted",Not contacted
Cape Air,https://www.capeair.com,"United States (Hyannis, MA)",,,,"Regional commuter, Northeast, Caribbean, Midwest, Montana. Not contacted",Not contacted
Southern Airways Express / Mokulele (Surf Air Mobility),https://www.iflysouthern.com,"United States (Palm Beach, FL; parent Los Angeles, CA)",,,,Regional commuter network owned by Surf Air Mobility (NYSE: SRFM). Not contacted,Not contacted
Boutique Air,https://www.boutiqueair.com,"United States (San Francisco, CA)",,,,Regional commuter (EAS routes) plus charter. Not contacted,Not contacted
Advanced Air,https://www.advancedairlines.com,"United States (Hawthorne, CA)",,,,Regional scheduled plus charter. Not contacted,Not contacted
Denver Air Connection (Key Lime Air),https://www.denverairconnection.com,"United States (Englewood, CO)",,,,"Regional scheduled, Mountain West and Midwest. Not contacted",Not contacted
Ravn Alaska,https://www.ravnalaska.com,"United States (Anchorage, AK)",,,,"Regional, intra-Alaska. Not contacted",Not contacted
Alaska Seaplanes,https://www.flyalaskaseaplanes.com,"United States (Juneau, AK)",,,,"Regional seaplane and wheeled service, Southeast Alaska. In Samuel's Travel list; not contacted",NORAM sheet (Samuel tab)
Tradewind Aviation,https://www.flytradewind.com,"United States (Oxford, CT)",,,,"Scheduled by-the-seat shuttles (Northeast, Caribbean) plus charter. Not contacted",Not contacted
Blade,https://www.blade.com,"United States (New York, NY)",,,,By-the-seat helicopter and seaplane urban air mobility (NASDAQ: BLDE). Not contacted,Not contacted
Silver Airways,https://www.silverairways.com,"United States (Hollywood, FL)",,,,"Regional, Florida and Caribbean. TCL sheet marks it DEFUNCT (ceased 2025). Not contacted",TCL Final List
Air Canada,https://www.aircanada.com,"Canada (Montreal, QC)","Giacinto Rico (Manager, Distribution & Payment Forecasting; call 2026-02-25); Hongjin Jiang; Alison Short; Keith Wallis; Mark Nasr (EVP & COO); Tyler Katz; Carlos Faxas; Gillian Mann; Farhan Zafar","Keith Wallis, Managing Director Customer Digital & Distribution (payments sits under Mark Nasr, EVP & COO)",2026-02-25,"Flag carrier (incl. Rouge, Jazz, Express). BC sent Feb 2026; call 2026-02-25 with Giacinto Rico. SQL (BDM Samuel). Revisit","Gmail, Calendar, NORAM sheet"
WestJet,https://www.westjet.com,"Canada (Calgary, AB)","Christian Novosel (EVP, Chief Digital Officer; linkedin.com/in/novosel); Mona Normandeau; Jagmeet Sekhon; John Weatherill",,2026-01-23,"Canada's #2 carrier; absorbed Swoop (2023) and Sunwing Airlines. Cadence Jan 2026, unresponsive. Past RFP won by Yuno but never executed (Pipe sheet)","Gmail, Recovery sheet"
Porter Airlines,https://www.flyporter.com,"Canada (Toronto, ON)",,,,"Fast-growing E195-E2 carrier, Toronto hubs. In TCL Final List; not contacted",TCL Final List
Flair Airlines,https://flyflair.com,"Canada (Edmonton, AB)",Lucas Oordt-Bosman (owns the cost decision; email + WhatsApp); Juliana Ramirez (VP Digital & Ancillary; linkedin.com/in/ramirezjuliana); Abigail Wigle,No dedicated head found. Juliana Ramirez (VP Digital & Ancillary) fronts payment partnerships; CFO Sumanth Rao owns chargebacks,2026-10-06,"ULCC. Elavon, Nuvei and Braintree live, in-house routing. Closed Lost 2026-10-05 (pricing); Lucas rejected on cost 2026-07-27 and 2026-10-06","Gmail, Calendar, Gong, WhatsApp"
Air Transat,https://www.airtransat.com,"Canada (Montreal, QC)",,,,Leisure carrier (Transat A.T.). Nuvei partnership (2022) and early DLX Pay adopter per LinkedIn posts. NORTHAM sheet lists it for Reconciliations; not contacted,NORTHAM sheet
Sunwing Airlines,https://www.sunwing.ca,"Canada (Toronto, ON)",,,,"Leisure carrier, part of WestJet Group since 2023; airline operations being integrated into WestJet (Sunwing Vacations continues). NORTHAM sheet lists it for Reconciliations; not contacted",NORTHAM sheet
PAL Airlines,https://www.palairlines.ca,"Canada (St. John's, NL)",,,,"Regional, Atlantic Canada and Quebec. Not contacted",Not contacted
Pascan Aviation,https://www.pascan.com,"Canada (Longueuil, QC)",,,,"Regional, Quebec and Atlantic Canada. Not contacted",Not contacted
Air North,https://www.flyairnorth.com,"Canada (Whitehorse, YT)",,,,"Yukon's airline; Yukon, BC, Alberta, Ontario. Not contacted",Not contacted
Canadian North,https://www.canadiannorth.com,"Canada (Kanata, ON)",,,,"Inuit-owned, Arctic and Northern routes. Not contacted",Not contacted
Calm Air,https://www.calmair.com,"Canada (Thompson, MB)",,,,"Regional, Manitoba and Nunavut. Not contacted",Not contacted
Harbour Air,https://www.harbourair.com,"Canada (Richmond, BC)",,,,Largest seaplane airline in North America. Not contacted,Not contacted
Central Mountain Air,https://www.flycma.com,"Canada (Smithers, BC)",,,,"Regional, BC and Alberta. Not contacted",Not contacted
Perimeter Aviation,https://www.perimeter.ca,"Canada (Winnipeg, MB)",,,,"Regional, Manitoba and NW Ontario (Exchange Income Corp). Not contacted",Not contacted
Bearskin Airlines,https://www.bearskinairlines.com,"Canada (Thunder Bay, ON)",,,,"Regional, Ontario and Manitoba (Exchange Income Corp, sister of Perimeter). Not contacted",Not contacted
Air Inuit,https://www.airinuit.com,"Canada (Dorval, QC)",,,,"Inuit-owned, Nunavik and Quebec. Not contacted",Not contacted
Air Creebec,https://www.aircreebec.ca,"Canada (Val-d'Or, QC)",,,,"Cree-owned regional, Quebec and Ontario. Not contacted",Not contacted
Rise Air,https://www.riseair.ca,"Canada (Saskatoon, SK)",,,,"Regional, Saskatchewan and northern Canada. Not contacted",Not contacted
OWG (Nolinor Aviation),https://www.flyowg.com,"Canada (Mirabel, QC)",,,,"Leisure brand of Nolinor, Quebec to sun destinations. Not contacted",Not contacted
