Company,Website,HQ Country,Leads I've talked to,Head of Payments,Last contact,Status / notes,Sources
Flair Airlines,https://flyflair.com,Canada,"Lucas Oordt-Bosman (owns the cost decision; email + WhatsApp); Juliana Ramirez (VP Digital & Ancillary; linkedin.com/in/ramirezjuliana); Abigail Wigle","No dedicated head found. Juliana Ramirez (VP Digital & Ancillary) fronts payment partnerships per press",2026-10-06,"Closed Lost 2026-10-05 (pricing). Calls 2026-06-18, 2026-07-07, 2026-07-09. Proposals Jul and Aug 2026. Lucas rejected on cost 2026-07-27 and again 2026-10-06 via WhatsApp","Gmail, Calendar, Gong, WhatsApp"
Alaska Airlines (incl. Hawaiian),https://www.alaskaair.com,United States,"Angela Nunes Trivedi (Strategic Payments lead; linkedin.com/in/angelatrivedi)","Angela Nunes Trivedi (payments lead; exact title not published)",2026-08-05,"Call 2025-12-02 (with Vitor). Angela 2026-07-24: payments initiatives delayed to 2027, reconnect end of 2026. You are POC again since 2026-07-22","Gmail, Calendar, Recovery sheet"
Delta Air Lines,https://www.delta.com,United States,"Najeem (Najeemdeen) Dayisi and Liousiena Barylo (call 2025-10-31); Ronald Parker, Jacob Montgomery, Paulette Henderson, Tammy Davis, Monisha Mason (Magdalena MRC campaign Mar 2026, you in CC)",,2026-07-21,"Call 2025-10-31 with Najeem and Liousiena. Re-engagement email 2026-07-21 unanswered. HubSpot hot account 2026-07-15","Gmail, Calendar, NORAM sheet"
United Airlines,https://www.united.com,United States,"Chris (James C.) Thompson (Director, Digital Payments; linkedin.com/in/christhompson71); Maria L. Espano; Shweta Saxena; Matthew Deeth","Chris Thompson, Director Digital Payments",2026-06-16,"Orchestration RFP in progress 2026, Yuno not invited (Rejected / Lost). Last touch: soft re-raise to Chris 2026-06-16","Gmail, NORAM sheet"
Frontier Airlines,https://www.flyfrontier.com,United States,"Ted Wang; Ben (Benjamin) Parke",,2026-03-13,"Cadence Jan to Mar 2026 (BC sent 2026-02-11). Unresponsive","Gmail, Recovery sheet"
Southwest Airlines,https://www.southwest.com,United States,"Mark Hopkins; Chris Priebe; Julie Jones; Shyam Chinta; Mark Hursh (forwarded to payments team Jan 2026)","Mark Hopkins (per your Warroom sheet; not web verified)",2026-06-05,"Responded with interest early 2026 but no meeting. Uses CellPoint Digital. Virtual coffee ask 2026-06-05 unanswered","Gmail, NORAM Warroom"
JetBlue,https://www.jetblue.com,United States,"Brian Duran (Manager, Payments; linkedin.com/in/brian-duran-9b648a360); Henry Howard; Louis Signorelli; Matthew Jakinovich; Aleksandar Ivanov; Alex Graham; Megha Deshmukh Ingole (all on the 2026-01-28 call)","Not identified (Brian Duran is Manager, Payments)",2026-01-28,"Intro call and demo 2026-01-28 organized by Brian Duran. SQL (BDM Samuel). TCL note: contact again in a few months","Gmail, Calendar, NORAM sheet"
WestJet,https://www.westjet.com,Canada,"Christian Novosel (EVP, Chief Digital Officer; linkedin.com/in/novosel); Mona Normandeau; Jagmeet Sekhon; John Weatherill",,2026-01-23,"Cadence Jan 2026, unresponsive. Past RFP won by Yuno but never executed (Pipe sheet)","Gmail, Recovery sheet"
easyJet,https://www.easyjet.com,United Kingdom,"Jay Popat (Payments Product Manager; call 2025-10-28 with Angelo)","Paul Bolton, Payments Director (per web search, not confirmed)",2026-01-15,"Call and demo 2025-10-28. Angelo follow-ups 2025-12-29 and 2026-01-15 unanswered","Gmail, Calendar"
Aegean Airlines,https://en.aegeanair.com,Greece,"Roland Jaggi (CCO; linkedin.com/in/roland-jaggi-a09900); Yiannis Vrotsis; C. Chachlioutakis (linkedin.com/in/cchachlioutakis)",,2026-01-07,"Lost. Roland reacted badly to the 2025 cadence. Fresh-start email 2026-01-07 unanswered","Gmail, Recovery sheet"
British Airways,https://www.britishairways.com,United Kingdom,"Max Shoveller (linkedin.com/in/max-shoveller-74297541); Verity Kyley (linkedin.com/in/verity-kyley-89384675)",,,"Lost (Recovery sheet). LinkedIn only, no email in the last 12 months. Web deck /m/british-airways updated 2026-09-21","Recovery sheet"
TAP Air Portugal,https://www.flytap.com,Portugal,"Diogo Jacinto (Payments Strategy Manager; linkedin.com/in/diogojacinto); Joao Frias","Diogo Jacinto, Payments Strategy Manager",2026-01-08,"Open to discuss but never set a meeting. Re-engage email 2026-01-08. Opportunity in Salesforce","Gmail, Recovery sheet"
SAS Scandinavian Airlines,https://www.flysas.com,Sweden,"Jonny Elia (replied 2025-11-06; linkedin.com/in/jonny-elia-434b32147); Gustav Bolinder (linkedin.com/in/gustav-bolinder)","Charlotta Frohm, Business Development Customer Payment Solutions (per web; chairs IATA Payments WG)",2025-11-06,"Not interested in orchestration now; interest in 3DS, network tokens, checkout. Lost","Gmail, Recovery sheet"
Air Canada,https://www.aircanada.com,Canada,"Giacinto Rico (Manager, Distribution & Payment Forecasting; call 2026-02-25); Hongjin Jiang; Alison Short; Keith Wallis; Mark Nasr (EVP & COO); Tyler Katz; Carlos Faxas; Gillian Mann; Farhan Zafar","Keith Wallis, Senior Director Payments & Distribution (2020 source)",2026-02-25,"BC sent Feb 2026. Call 2026-02-25 with Giacinto Rico (Samuel, Bernabe, Joaquin, Melissa joined). SQL (BDM Samuel). Revisit","Gmail, Calendar, NORAM sheet"
American Airlines,https://www.aa.com,United States,"Santiago Miranda (Treasury, Global Banking; replied 2026-02-11); Annie Mehringer; David Seymour; Matthew Vorkapich; Marco Montes; Darcie Scheinrock; Andreas Trunk; Terre Kautzor; Adison Elliott; Eleonora Koury",,2026-02-11,"BC sent 2026-02-10. Santiago replied; Magdalena took over (placeholder meeting Mar 2026). NORTHAM list: Lost / Re-engage","Gmail, NORAM sheet"
Sun Country Airlines,https://www.suncountry.com,United States,"Jude Bricker (CEO); Peter Mahin; Madisson Ausprung; Tom Bitz (Director Treasury Operations); Colton Snow; Torque Zubeck; Khadija Bawazir; He (Roy) Fan","Tom Bitz, Director of Treasury Operations (closest owner found)",2026-02-16,"Cadence Feb 2026, no reply. Combining with Allegiant (2026)","Gmail, NORAM sheet"
South African Airways,https://www.flysaa.com,South Africa,"Santha Archary (replied 2026-03-19, not now); Myriam Bracke; Ashley Mumba; Viarsen Rajah; Nkululeko Sibiya; Tavish Mittal; Siddiqua Ebrahim; John Lamola; Tshepo Gwangwa; Sange Mxenge",,2026-03-19,"BC sent 2026-02-17. Santha declined for now on 2026-03-19","Gmail, NORAM sheet"
TAROM,https://www.tarom.ro,Romania,"Luciana Rizescu; Narcis Obeada; Dorian Farkas (call 2026-02-24 with Alejandro and Kim)",,2026-03-03,"Solution overview call 2026-02-24. SQL (BDM Kim). Follow-up 2026-03-03 unanswered","Gmail, Calendar, NORAM sheet"
Kuwait Airways,https://www.kuwaitairways.com,Kuwait,"Azam Malfejani; Beena Chander; Lemir Abillama",,2026-01-26,"Cadence Jan 2026, no reply. Pipe note: talk to Ugur","Gmail, Recovery sheet"
VietJet Air,https://www.vietjetair.com,Vietnam,"Rohit Tomar (Director Finance & Supply Chain Operations); Jay Llingeswara; Phuong Ho",,2026-01-26,"Unresponsive. Pipe note: a contact there knows Yuno and is a friend of Joaquin","Gmail, Recovery sheet"
Air Serbia,https://www.airserbia.com,Serbia,"Srdjan Prokic (Head of E-Commerce; linkedin.com/in/srdjanprokic); Mateja Zivadinovic; Uros Bijelic","Srdjan Prokic, Head of E-Commerce (closest owner)",2026-01-28,"Cadence Jan 2026. Sheet says FUP mid-March (not found in Gmail)","Gmail, NORAM sheet"
Aeroitalia,https://www.aeroitalia.com,Italy,"Carmelo Occhipinti (replied Jan 2026); Paolo Proietti; Gaetano Intrieri",,2026-01-29,"Carmelo replied. Sheet says FUP in August (not found in Gmail)","Gmail, NORAM sheet"
Bulgaria Air,https://www.air.bg,Bulgaria,"Stoyko (email on file, 2026-01-28)",,2026-01-28,"Sheet says FUP in February (not found in Gmail)","Gmail, NORAM sheet"
Clic Air,https://www.clicair.co,Colombia,"Isaac Herrera Madrid (Director Producto y Ventas; General Manager since Feb 2026)","Isaac Herrera Madrid, General Manager",2026-02-10,"Call 2026-02-10 with Saman and Rasheed. NORTHAM: re-engage","Gmail, Calendar"
Gulf Air,https://www.gulfair.com,Bahrain,"Sayed Husain Hashem (Senior Manager Digital); Bilal Mohamed (joined the call)","Sayed Husain Hashem, Senior Manager Digital",2026-05-13,"Call 2026-05-13 with Ugur. No follow-up found after the call","Gmail, Calendar"
EgyptAir,https://www.egyptair.com,Egypt,"Tamer Nasr; Reem Sami; E-tech team (Etech@egyptair.com); CC Elshaimaa Saad, Raghda Youssef, Nada Badawy, Shahinaz Shewahi",,2025-11-18,"Calls 2025-11-05 (no-show) and 2025-11-18 with Ugur, Yuan, Angelo. No follow-up found","Gmail, Calendar"
Wizz Air,https://wizzair.com,Hungary,"Tibor Nagy (payments and digital lead; linkedin.com/in/nagytibor; has since left Wizz Air per LinkedIn)",,2025-09-16,"Call 2025-09-16 (Navitaire integration questions). Lost for inactivity. Handed over to Yamin. Just over 12 months","Gmail, Calendar, Recovery sheet"
flydubai,https://www.flydubai.com,United Arab Emirates,"Jayadev Nair (VP Revenue, Expenditure & E-payments)","Jayadev Nair, VP Revenue, Expenditure & E-payments",2026-03-04,"Cadence Feb to Mar 2026, no reply",Gmail
Breeze Airways,https://www.flybreeze.com,United States,"Cam Jensen (Director, Product Management)",,2026-03-02,"Cadence Feb to Mar 2026, no reply",Gmail
Avelo Airlines,https://www.aveloair.com,United States,"R.J. Sampson (Director of Ecommerce)",,2026-02-26,"Cadence Feb 2026, no reply",Gmail
Aeromexico,https://aeromexico.com,Mexico,"Omar Pina Contreras (linkedin.com/in/omar-pi%C3%B1a-contreras-466b64a1); Salvador Correa",,2026-07-22,"Lost RFP to Deuna (BDM Rasheed). Re-engage thread Retomemos Aeromexico + Yuno, Jan to 2026-07-22","Gmail, NORAM sheet"
Saudia,https://www.saudia.com,Saudi Arabia,"Frank Vahldiek (former VP Digital & Ancillaries, has left Saudia); Majid El Amri; Ashraff Paruk",,2026-01-21,"BC viewed 2025-11-26. Frank disappeared. Deck sent to Majid and Ashraff Jan 2026","Gmail, Recovery sheet"
Hahn Air,https://www.hahnair.com,Germany,"Benjamin Sibbald (Head of Payments)","Benjamin Sibbald, Head of Payments",2025-09-22,"Call 2025-09-22 with Miguel and Angelo. No activity since. Just over 12 months",Calendar
Ryanair,https://www.ryanair.com,Ireland,"Debbie Collins; Elaine McLaughlin; Bryan Dunne; Jason McGuinness; Aislinn Brennan; John Hurley; Danny Laredo; Stephen Keane; Laura Marquina",,2026-01-07,"BC sent Nov 2025. Runs its own orchestration (APEXX). Pipe: keep trying","Gmail, Recovery sheet"
Air Arabia,https://www.airarabia.com,United Arab Emirates,"Usman Siddique; Bassem Elhaggan; Elmehdi Raguigue; Mohammed J. Mahmood; Haseeb Habib; Bajiu Nair; T. Cissell",,2026-01-08,"Threads Sep 2025 to Jan 2026. Pipe: FUP","Gmail, Recovery sheet"
Transavia,https://www.transavia.com,Netherlands,"Paul Maree (linkedin.com/in/paul-maree-5049a46)",,,"SQL Recovery list (Account Mapping Q2 2026): lost for inactivity. No email in the last 12 months","Account Mapping sheet"
Spirit Airlines,https://www.spirit.com,United States,,,,"NORAM sheet: contacted, Rejected. No email in the last 12 months. Spirit liquidating in 2026","NORAM sheet"
